{
  "database_url": "sqlite:///:memory:",
  "title": "Softmobile Central",
  "version": "2.2.0",
  "api_v1_prefix": "/api/v2.2.0",
  "api_alias_prefixes": [
    "/api/v1"
  ],
  "secret_key": "***redactado***",
  "bootstrap_token": "test-bootstrap-token",
  "access_token_expire_minutes": 60,
  "refresh_token_expire_days": 7,
  "session_cookie_expire_minutes": 480,
  "max_failed_login_attempts": 5,
  "account_lock_minutes": 15,
  "password_reset_token_minutes": 30,
  "sync_interval_seconds": 1800,
  "sync_retry_interval_seconds": 600,
  "sync_max_attempts": 5,
  "sync_remote_url": null,
  "enable_background_scheduler": false,
  "notifications_email_from": null,
  "notifications_email_host": null,
  "notifications_email_port": 587,
  "notifications_email_username": null,
  "notifications_email_password": null,
  "notifications_email_use_tls": true,
  "notifications_whatsapp_api_url": null,
  "notifications_whatsapp_token": null,
  "notifications_whatsapp_sender": null,
  "notifications_whatsapp_timeout": 10,
  "enable_backup_scheduler": false,
  "reservations_expiration_interval_seconds": 300,
  "customer_segmentation_interval_seconds": 43200,
  "customer_segment_window_days": 365,
  "customer_segment_ttl_seconds": 43200,
  "customer_segment_high_value_threshold": "10000",
  "customer_segment_medium_value_threshold": "3000",
  "customer_segment_frequent_orders_threshold": 12,
  "customer_segment_regular_orders_threshold": 4,
  "customer_segment_recovery_days": 180,
  "customer_segment_new_customer_days": 45,
  "customer_segments_mailchimp_labels": [
    "alto_valor"
  ],
  "customer_segments_sms_labels": [
    "recuperacion"
  ],
  "customer_segments_export_directory": "logs/customer_segments",
  "mailchimp_api_url": null,
  "mailchimp_api_key": null,
  "sms_campaign_api_url": null,
  "sms_campaign_api_token": null,
  "sms_campaign_sender": null,
  "enable_catalog_pro": true,
  "enable_variants": false,
  "enable_bundles": false,
  "enable_transfers": true,
  "enable_purchases_sales": false,
  "purchases_documents_backend": "local",
  "purchases_documents_local_path": "/workspaces/inventario/backups/purchase_orders",
  "purchases_documents_public_url": null,
  "purchases_documents_s3_bucket": null,
  "purchases_documents_s3_region": null,
  "purchases_documents_s3_endpoint": null,
  "purchases_documents_s3_access_key": null,
  "purchases_documents_s3_secret_key": null,
  "purchases_documents_s3_prefix": "purchase_orders",
  "pos_payment_terminals": {
    "atl-01": {
      "label": "Terminal Atlántida",
      "adapter": "banco_atlantida",
      "currency": "HNL"
    },
    "fic-01": {
      "label": "Terminal Ficohsa",
      "adapter": "banco_ficohsa",
      "currency": "HNL"
    }
  },
  "pos_tip_suggestions": [
    "0.00",
    "5.00",
    "10.00"
  ],
  "enable_price_lists": false,
  "enable_pos_promotions": true,
  "enable_pos_promotions_volume": true,
  "enable_pos_promotions_combo": true,
  "enable_pos_promotions_coupons": true,
  "enable_analytics_adv": true,
  "enable_2fa": false,
  "enable_hybrid_prep": false,
  "enable_wms_bins": true,
  "inventory_low_stock_threshold": 5,
  "inventory_adjustment_variance_threshold": 3,
  "defective_returns_store_id": null,
  "default_credit_installments": 4,
  "default_credit_frequency_days": 15,
  "cost_method": "FIFO",
  "backup_interval_seconds": 43200,
  "backup_directory": "./backups",
  "accounts_receivable_reminders_enabled": true,
  "accounts_receivable_reminder_interval_seconds": 21600,
  "accounts_receivable_reminder_days_before_due": 3,
  "update_feed_path": "./docs/releases.json",
  "session_cookie_name": "softmobile_session",
  "session_cookie_secure": false,
  "session_cookie_samesite": "lax",
  "allowed_origins": [
    "http://testserver"
  ],
  "testing_mode": false
}