{
  "database_url": "sqlite:///:memory:",
  "title": "Softmobile Central",
  "version": "2.2.0",
  "secret_key": "***redactado***",
  "bootstrap_token": "test-bootstrap-token",
  "access_token_expire_minutes": 60,
  "refresh_token_expire_days": 7,
  "session_cookie_expire_minutes": 480,
  "max_failed_login_attempts": 5,
  "account_lock_minutes": 15,
  "password_reset_token_minutes": 30,
  "sync_interval_seconds": 1800,
  "sync_retry_interval_seconds": 600,
  "sync_max_attempts": 5,
  "sync_remote_url": null,
  "enable_background_scheduler": false,
  "enable_backup_scheduler": false,
  "enable_catalog_pro": true,
  "enable_transfers": true,
  "enable_purchases_sales": true,
  "enable_analytics_adv": true,
  "enable_2fa": false,
  "enable_hybrid_prep": true,
  "inventory_low_stock_threshold": 5,
  "inventory_adjustment_variance_threshold": 3,
  "cost_method": "FIFO",
  "backup_interval_seconds": 43200,
  "backup_directory": "./backups",
  "update_feed_path": "./docs/releases.json",
  "session_cookie_name": "softmobile_session",
  "session_cookie_secure": false,
  "session_cookie_samesite": "lax",
  "allowed_origins": [
    "http://testserver"
  ],
  "testing_mode": false
}